<?xml version='1.0' encoding='UTF-8'?>
<image h="441" w="509"><stack><layer composite-op="svg:src-over" name="Pasted Layer #37" opacity="1.0" src="data/000.png" visibility="visible" x="17" y="31" /><layer composite-op="svg:src-over" name="Pasted Layer #45" opacity="1.0" src="data/001.png" visibility="visible" x="36" y="0" /><layer composite-op="svg:src-over" name="Pasted Layer #44" opacity="1.0" src="data/002.png" visibility="visible" x="49" y="20" /><layer composite-op="svg:src-over" name="Pasted Layer #43" opacity="1.0" src="data/003.png" visibility="visible" x="4" y="39" /><layer composite-op="svg:src-over" name="Pasted Layer #42" opacity="1.0" src="data/004.png" visibility="visible" x="29" y="32" /><layer composite-op="svg:src-over" name="Pasted Layer #41" opacity="1.0" src="data/005.png" visibility="visible" x="23" y="20" /><layer composite-op="svg:src-over" name="Pasted Layer #40" opacity="1.0" src="data/006.png" visibility="visible" x="40" y="13" /><layer composite-op="svg:src-over" name="Pasted Layer #39" opacity="1.0" src="data/007.png" visibility="visible" x="0" y="15" /><layer composite-op="svg:src-over" name="Pasted Layer #38" opacity="1.0" src="data/008.png" visibility="visible" x="47" y="5" /><layer composite-op="svg:src-over" name="Pasted Layer #36" opacity="1.0" src="data/009.png" visibility="visible" x="0" y="39" /><layer composite-op="svg:src-over" name="Pasted Layer #35" opacity="1.0" src="data/010.png" visibility="visible" x="68" y="5" /><layer composite-op="svg:src-over" name="Pasted Layer #34" opacity="1.0" src="data/011.png" visibility="visible" x="37" y="0" /><layer composite-op="svg:src-over" name="Pasted Layer #33" opacity="1.0" src="data/012.png" visibility="visible" x="15" y="5" /><layer composite-op="svg:src-over" name="Pasted Layer #32" opacity="1.0" src="data/013.png" visibility="visible" x="29" y="24" /><layer composite-op="svg:src-over" name="Pasted Layer #31" opacity="1.0" src="data/014.png" visibility="visible" x="10" y="24" /><layer composite-op="svg:src-over" name="Pasted Layer #30" opacity="1.0" src="data/015.png" visibility="visible" x="18" y="0" /><layer composite-op="svg:src-over" name="Pasted Layer #29" opacity="1.0" src="data/016.png" visibility="visible" x="12" y="1" /><layer composite-op="svg:src-over" name="Pasted Layer #28" opacity="1.0" src="data/017.png" visibility="visible" x="7" y="0" /><layer composite-op="svg:src-over" name="Pasted Layer #27" opacity="1.0" src="data/018.png" visibility="visible" x="27" y="0" /><layer composite-op="svg:src-over" name="Pasted Layer #26" opacity="1.0" src="data/019.png" visibility="visible" x="15" y="0" /><layer composite-op="svg:src-over" name="Pasted Layer #25" opacity="1.0" src="data/020.png" visibility="visible" x="0" y="0" /><layer composite-op="svg:src-over" name="Pasted Layer #24" opacity="1.0" src="data/021.png" visibility="visible" x="0" y="0" /><layer composite-op="svg:src-over" name="Pasted Layer #23" opacity="1.0" src="data/022.png" visibility="visible" x="80" y="7" /><layer composite-op="svg:src-over" name="Pasted Layer #22" opacity="1.0" src="data/023.png" visibility="visible" x="82" y="0" /><layer composite-op="svg:src-over" name="Pasted Layer #21" opacity="1.0" src="data/024.png" visibility="visible" x="84" y="0" /><layer composite-op="svg:src-over" name="Pasted Layer #20" opacity="1.0" src="data/025.png" visibility="visible" x="87" y="0" /><layer composite-op="svg:src-over" name="Pasted Layer #19" opacity="1.0" src="data/026.png" visibility="visible" x="57" y="22" /><layer composite-op="svg:src-over" name="Pasted Layer #18" opacity="1.0" src="data/027.png" visibility="visible" x="67" y="0" /><layer composite-op="svg:src-over" name="Pasted Layer #17" opacity="1.0" src="data/028.png" visibility="visible" x="77" y="0" /><layer composite-op="svg:src-over" name="Pasted Layer #16" opacity="1.0" src="data/029.png" visibility="visible" x="87" y="0" /><layer composite-op="svg:src-over" name="Pasted Layer #15" opacity="1.0" src="data/030.png" visibility="visible" x="99" y="0" /><layer composite-op="svg:src-over" name="Pasted Layer #14" opacity="1.0" src="data/031.png" visibility="visible" x="51" y="0" /><layer composite-op="svg:src-over" name="Pasted Layer #13" opacity="1.0" src="data/032.png" visibility="visible" x="47" y="0" /><layer composite-op="svg:src-over" name="Pasted Layer #12" opacity="1.0" src="data/033.png" visibility="visible" x="50" y="0" /><layer composite-op="svg:src-over" name="Pasted Layer #11" opacity="1.0" src="data/034.png" visibility="visible" x="81" y="0" /><layer composite-op="svg:src-over" name="Pasted Layer #10" opacity="1.0" src="data/035.png" visibility="visible" x="81" y="0" /><layer composite-op="svg:src-over" name="Pasted Layer #9" opacity="1.0" src="data/036.png" visibility="visible" x="94" y="0" /><layer composite-op="svg:src-over" name="Pasted Layer #8" opacity="1.0" src="data/037.png" visibility="visible" x="65" y="0" /><layer composite-op="svg:src-over" name="Pasted Layer #7" opacity="1.0" src="data/038.png" visibility="visible" x="61" y="0" /><layer composite-op="svg:src-over" name="Pasted Layer #6" opacity="1.0" src="data/039.png" visibility="visible" x="54" y="0" /><layer composite-op="svg:src-over" name="Pasted Layer #5" opacity="1.0" src="data/040.png" visibility="visible" x="60" y="0" /><layer composite-op="svg:src-over" name="Pasted Layer #4" opacity="1.0" src="data/041.png" visibility="visible" x="62" y="0" /><layer composite-op="svg:src-over" name="Pasted Layer #3" opacity="1.0" src="data/042.png" visibility="visible" x="64" y="0" /><layer composite-op="svg:src-over" name="Pasted Layer #2" opacity="1.0" src="data/043.png" visibility="visible" x="79" y="0" /><layer composite-op="svg:src-over" name="Pasted Layer #1" opacity="1.0" src="data/044.png" visibility="visible" x="79" y="0" /><layer composite-op="svg:src-over" name="Pasted Layer" opacity="1.0" src="data/045.png" visibility="visible" x="79" y="0" /></stack></image>